id,value
multivariate-analysis,76
regression,37
time-series,31
logistic,15
simulation,12
forecasting,11
anova,10
repeated-measures,10
pca,8
distributions,7
clustering,7
correlation,6
prediction,5
arima,5
mcmc,4
bayesian,4
distance,4
nlme,4
normal-distribution,3
lmer,3
quantiles,3
gaussian-process,2
glmnet,2
probability,2
poisson,2
median,2
permutation,2
factor-analysis,2
data-visualization,2
lme4,1
lognormal,1
conditional-probability,1
lags,1
multicollinearity,1
normalization,1
latent-variable,1
spatial,1
caret,1
binomial,1
estimation,1
sparse,1
aic,1
covariance,1
matrix,1
gam,1
ggplot2,1
deviance,1
linear,1
garch,1
statistical-significance,1
random-forest,1
mathematical-statistics,1
variance,1
glmm,1
mean,1
dispersion,1
